{
  "generated_at": "2026-02-20 12:47:45",
  "kpis": {
    "requested_units": 198.0,
    "confirmed_units": 128.0,
    "delivered_units": 76.0,
    "returned_units": 1.0,
    "expected_delivered_units": 41.0,
    "confirmed_profit_usd": 1201.9084045801528,
    "delivered_profit_usd": 663.5496183206105,
    "expected_profit_usd": 346.37404580152673,
    "spend_usd": 624.6,
    "impressions": 317828.0,
    "reach": 293349.0,
    "net_profit_usd": 38.94961832061051,
    "potential_net_profit_usd": 577.3084045801528,
    "confirmation_rate": 0.6464646464646465,
    "delivery_rate": 0.59375,
    "return_rate": 0.013157894736842105,
    "roas_real": 1.0623592992645061,
    "roas_potential": 1.9242849897216663,
    "cpm": 1.9652138892734434,
    "cost_per_reach": 0.0021292044629434566
  }
}