{
  "generated_at": "2026-02-11 01:21:36",
  "kpis": {
    "requested_units": 74.0,
    "confirmed_units": 42.0,
    "delivered_units": 23.0,
    "returned_units": 0.0,
    "expected_delivered_units": 0.0,
    "confirmed_profit_usd": 350.0000076335878,
    "delivered_profit_usd": 181.10687022900763,
    "expected_profit_usd": 0.0,
    "spend_usd": 238.88,
    "impressions": 67609.0,
    "reach": 58806.0,
    "net_profit_usd": -57.77312977099237,
    "potential_net_profit_usd": 111.12000763358782,
    "confirmation_rate": 0.5675675675675675,
    "delivery_rate": 0.5476190476190477,
    "return_rate": 0.0,
    "roas_real": 0.7581499925862677,
    "roas_potential": 1.4651708290086563,
    "cpm": 3.5332574065582985,
    "cost_per_reach": 0.0040621705268169914
  }
}