{
  "generated_at": "2026-02-15 13:19:13",
  "kpis": {
    "requested_units": 134.0,
    "confirmed_units": 87.0,
    "delivered_units": 46.0,
    "returned_units": 0.0,
    "expected_delivered_units": 2.0,
    "confirmed_profit_usd": 767.1755801526717,
    "delivered_profit_usd": 396.37404580152673,
    "expected_profit_usd": 30.916030534351144,
    "spend_usd": 394.33000000000004,
    "impressions": 149370.0,
    "reach": 135543.0,
    "net_profit_usd": 2.0440458015266927,
    "potential_net_profit_usd": 372.8455801526717,
    "confirmation_rate": 0.6492537313432836,
    "delivery_rate": 0.5287356321839081,
    "return_rate": 0.0,
    "roas_real": 1.0051835919192724,
    "roas_potential": 1.9455166488795468,
    "cpm": 2.639954475463614,
    "cost_per_reach": 0.0029092612676420034
  }
}