{
  "generated_at": "2026-02-16 10:57:17",
  "kpis": {
    "requested_units": 145.0,
    "confirmed_units": 96.0,
    "delivered_units": 53.0,
    "returned_units": 0.0,
    "expected_delivered_units": 10.0,
    "confirmed_profit_usd": 842.7480992366412,
    "delivered_profit_usd": 453.6259541984733,
    "expected_profit_usd": 85.87786259541984,
    "spend_usd": 388.4,
    "impressions": 144870.0,
    "reach": 131763.0,
    "net_profit_usd": 65.22595419847335,
    "potential_net_profit_usd": 454.34809923664125,
    "confirmation_rate": 0.6620689655172414,
    "delivery_rate": 0.5520833333333334,
    "return_rate": 0.0,
    "roas_real": 1.1679350005110025,
    "roas_potential": 2.169794282277655,
    "cpm": 2.681024366673569,
    "cost_per_reach": 0.0029477167338327146
  }
}