{
  "generated_at": "2026-02-17 12:59:04",
  "kpis": {
    "requested_units": 158.0,
    "confirmed_units": 102.0,
    "delivered_units": 62.0,
    "returned_units": 0.0,
    "expected_delivered_units": 19.0,
    "confirmed_profit_usd": 903.0534427480915,
    "delivered_profit_usd": 540.2671755725189,
    "expected_profit_usd": 158.58778625954199,
    "spend_usd": 487.15000000000003,
    "impressions": 227077.0,
    "reach": 208328.0,
    "net_profit_usd": 53.117175572518875,
    "potential_net_profit_usd": 415.90344274809144,
    "confirmation_rate": 0.6455696202531646,
    "delivery_rate": 0.6078431372549019,
    "return_rate": 0.0,
    "roas_real": 1.1090365915478166,
    "roas_potential": 1.8537482146117037,
    "cpm": 2.14530753885246,
    "cost_per_reach": 0.002338379862524481
  }
}