{
  "generated_at": "2026-02-18 12:38:33",
  "kpis": {
    "requested_units": 169.0,
    "confirmed_units": 109.0,
    "delivered_units": 71.0,
    "returned_units": 0.0,
    "expected_delivered_units": 27.0,
    "confirmed_profit_usd": 977.099244274809,
    "delivered_profit_usd": 621.5648854961831,
    "expected_profit_usd": 221.18320610687024,
    "spend_usd": 535.83,
    "impressions": 266346.0,
    "reach": 245324.0,
    "net_profit_usd": 85.7348854961831,
    "potential_net_profit_usd": 441.269244274809,
    "confirmation_rate": 0.6449704142011834,
    "delivery_rate": 0.6513761467889908,
    "return_rate": 0.0,
    "roas_real": 1.160003892085518,
    "roas_potential": 1.823524707976054,
    "cpm": 2.0117816674551148,
    "cost_per_reach": 0.00218417276744224
  }
}