{
  "generated_at": "2026-02-15 00:04:44",
  "kpis": {
    "requested_units": 122.0,
    "confirmed_units": 77.0,
    "delivered_units": 44.0,
    "returned_units": 0.0,
    "expected_delivered_units": 2.0,
    "confirmed_profit_usd": 664.8855038167939,
    "delivered_profit_usd": 376.145038167939,
    "expected_profit_usd": 30.916030534351144,
    "spend_usd": 40.94,
    "impressions": 22822.0,
    "reach": 21567.0,
    "net_profit_usd": 335.205038167939,
    "potential_net_profit_usd": 623.9455038167939,
    "confirmation_rate": 0.6311475409836066,
    "delivery_rate": 0.5714285714285714,
    "return_rate": 0.0,
    "roas_real": 9.187714659695628,
    "roas_potential": 16.240486170415092,
    "cpm": 1.7938830952589604,
    "cost_per_reach": 0.0018982705058654425
  }
}