{
  "generated_at": "2026-02-12 17:49:38",
  "kpis": {
    "requested_units": 96.0,
    "confirmed_units": 58.0,
    "delivered_units": 33.0,
    "returned_units": 0.0,
    "expected_delivered_units": 0.0,
    "confirmed_profit_usd": 487.4045877862595,
    "delivered_profit_usd": 275.76335877862596,
    "expected_profit_usd": 0.0,
    "spend_usd": 299.79,
    "impressions": 93907.0,
    "reach": 83364.0,
    "net_profit_usd": -24.026641221374064,
    "potential_net_profit_usd": 187.6145877862595,
    "confirmation_rate": 0.6041666666666666,
    "delivery_rate": 0.5689655172413793,
    "return_rate": 0.0,
    "roas_real": 0.9198550944948996,
    "roas_potential": 1.6258200333108492,
    "cpm": 3.1924137710713794,
    "cost_per_reach": 0.0035961566143659137
  }
}