{
  "generated_at": "2026-02-11 15:18:50",
  "kpis": {
    "requested_units": 86.0,
    "confirmed_units": 50.0,
    "delivered_units": 24.0,
    "returned_units": 0.0,
    "expected_delivered_units": 0.0,
    "confirmed_profit_usd": 418.70229770992364,
    "delivered_profit_usd": 190.26717557251908,
    "expected_profit_usd": 0.0,
    "spend_usd": 266.87,
    "impressions": 79083.0,
    "reach": 69745.0,
    "net_profit_usd": -76.60282442748093,
    "potential_net_profit_usd": 151.83229770992364,
    "confirmation_rate": 0.5813953488372093,
    "delivery_rate": 0.48,
    "return_rate": 0.0,
    "roas_real": 0.7129582777101925,
    "roas_potential": 1.5689373017196524,
    "cpm": 3.3745558463892364,
    "cost_per_reach": 0.0038263674815398954
  }
}