{
  "generated_at": "2026-02-17 21:00:19",
  "kpis": {
    "requested_units": 162.0,
    "confirmed_units": 107.0,
    "delivered_units": 69.0,
    "returned_units": 0.0,
    "expected_delivered_units": 19.0,
    "confirmed_profit_usd": 775.776403726708,
    "delivered_profit_usd": 496.11801242236027,
    "expected_profit_usd": 129.03726708074535,
    "spend_usd": 509.20000000000005,
    "impressions": 244327.0,
    "reach": 224201.0,
    "net_profit_usd": -13.08198757763978,
    "potential_net_profit_usd": 266.576403726708,
    "confirmation_rate": 0.6604938271604939,
    "delivery_rate": 0.6448598130841121,
    "return_rate": 0.0,
    "roas_real": 0.9743087439559313,
    "roas_potential": 1.5235200387405892,
    "cpm": 2.084092220671477,
    "cost_per_reach": 0.0022711763105427722
  }
}