{
  "generated_at": "2026-02-22 18:08:09",
  "kpis": {
    "requested_units": 228.0,
    "confirmed_units": 144.0,
    "delivered_units": 99.0,
    "returned_units": 1.0,
    "expected_delivered_units": 52.0,
    "confirmed_profit_usd": 1383.2061145038167,
    "delivered_profit_usd": 948.6641221374045,
    "expected_profit_usd": 444.46564885496184,
    "spend_usd": 672.1199999999999,
    "impressions": 361563.0,
    "reach": 336327.0,
    "net_profit_usd": 276.54412213740466,
    "potential_net_profit_usd": 711.0861145038168,
    "confirmation_rate": 0.631578947368421,
    "delivery_rate": 0.6875,
    "return_rate": 0.010101010101010102,
    "roas_real": 1.4114505179691197,
    "roas_potential": 2.057974936772923,
    "cpm": 1.8589291492768893,
    "cost_per_reach": 0.0019984122594974532
  }
}