{
  "generated_at": "2026-02-12 23:05:34",
  "kpis": {
    "requested_units": 96.0,
    "confirmed_units": 58.0,
    "delivered_units": 35.0,
    "returned_units": 0.0,
    "expected_delivered_units": 0.0,
    "confirmed_profit_usd": 487.4045877862595,
    "delivered_profit_usd": 285.68702290076334,
    "expected_profit_usd": 0.0,
    "spend_usd": 306.28,
    "impressions": 97230.0,
    "reach": 86783.0,
    "net_profit_usd": -20.592977099236634,
    "potential_net_profit_usd": 181.12458778625955,
    "confirmation_rate": 0.6041666666666666,
    "delivery_rate": 0.603448275862069,
    "return_rate": 0.0,
    "roas_real": 0.9327642121613013,
    "roas_potential": 1.591369295371097,
    "cpm": 3.150056566903219,
    "cost_per_reach": 0.003529262643605314
  }
}