{
  "generated_at": "2026-02-20 23:17:35",
  "kpis": {
    "requested_units": 206.0,
    "confirmed_units": 135.0,
    "delivered_units": 83.0,
    "returned_units": 1.0,
    "expected_delivered_units": 41.0,
    "confirmed_profit_usd": 1279.007641221374,
    "delivered_profit_usd": 744.4656488549617,
    "expected_profit_usd": 346.37404580152673,
    "spend_usd": 634.78,
    "impressions": 324328.0,
    "reach": 299250.0,
    "net_profit_usd": 109.68564885496176,
    "potential_net_profit_usd": 644.2276412213739,
    "confirmation_rate": 0.6553398058252428,
    "delivery_rate": 0.6148148148148148,
    "return_rate": 0.012048192771084338,
    "roas_real": 1.1727931706338601,
    "roas_potential": 2.0148833315816095,
    "cpm": 1.9572161515502822,
    "cost_per_reach": 0.002121236424394319
  }
}