{
  "generated_at": "2026-02-15 22:13:30",
  "kpis": {
    "requested_units": 144.0,
    "confirmed_units": 92.0,
    "delivered_units": 53.0,
    "returned_units": 0.0,
    "expected_delivered_units": 2.0,
    "confirmed_profit_usd": 808.7786335877863,
    "delivered_profit_usd": 453.6259541984733,
    "expected_profit_usd": 30.916030534351144,
    "spend_usd": 411.96000000000004,
    "impressions": 164114.0,
    "reach": 148877.0,
    "net_profit_usd": 41.66595419847329,
    "potential_net_profit_usd": 396.8186335877863,
    "confirmation_rate": 0.6388888888888888,
    "delivery_rate": 0.5760869565217391,
    "return_rate": 0.0,
    "roas_real": 1.101140776285254,
    "roas_potential": 1.963245542256011,
    "cpm": 2.510206319997075,
    "cost_per_reach": 0.002767116478703897
  }
}