{
  "generated_at": "2026-02-11 13:54:16",
  "kpis": {
    "requested_units": 81.0,
    "confirmed_units": 48.0,
    "delivered_units": 24.0,
    "returned_units": 0.0,
    "expected_delivered_units": 0.0,
    "confirmed_profit_usd": 398.8549694656488,
    "delivered_profit_usd": 190.26717557251908,
    "expected_profit_usd": 0.0,
    "spend_usd": 264.26,
    "impressions": 78154.0,
    "reach": 68949.0,
    "net_profit_usd": -73.99282442748091,
    "potential_net_profit_usd": 134.59496946564883,
    "confirmation_rate": 0.5925925925925926,
    "delivery_rate": 0.5,
    "return_rate": 0.0,
    "roas_real": 0.7199999075626999,
    "roas_potential": 1.5093278190632289,
    "cpm": 3.3812728715100953,
    "cost_per_reach": 0.003832687928758938
  }
}