{
  "generated_at": "2026-02-15 12:09:31",
  "kpis": {
    "requested_units": 134.0,
    "confirmed_units": 86.0,
    "delivered_units": 45.0,
    "returned_units": 0.0,
    "expected_delivered_units": 2.0,
    "confirmed_profit_usd": 757.2519160305344,
    "delivered_profit_usd": 386.45038167938935,
    "expected_profit_usd": 30.916030534351144,
    "spend_usd": 391.98,
    "impressions": 147551.0,
    "reach": 133944.0,
    "net_profit_usd": -5.529618320610666,
    "potential_net_profit_usd": 365.2719160305344,
    "confirmation_rate": 0.6417910447761194,
    "delivery_rate": 0.5232558139534884,
    "return_rate": 0.0,
    "roas_real": 0.9858931110755379,
    "roas_potential": 1.9318636563868932,
    "cpm": 2.656572981545364,
    "cost_per_reach": 0.0029264468733201936
  }
}