{
  "generated_at": "2026-02-12 10:22:39",
  "kpis": {
    "requested_units": 91.0,
    "confirmed_units": 52.0,
    "delivered_units": 31.0,
    "returned_units": 0.0,
    "expected_delivered_units": 0.0,
    "confirmed_profit_usd": 438.9313053435114,
    "delivered_profit_usd": 255.91603053435114,
    "expected_profit_usd": 0.0,
    "spend_usd": 287.51,
    "impressions": 88783.0,
    "reach": 72711.0,
    "net_profit_usd": -31.593969465648854,
    "potential_net_profit_usd": 151.4213053435114,
    "confirmation_rate": 0.5714285714285714,
    "delivery_rate": 0.5961538461538461,
    "return_rate": 0.0,
    "roas_real": 0.890111754493239,
    "roas_potential": 1.526664482430216,
    "cpm": 3.238345178694119,
    "cost_per_reach": 0.003954147240445049
  }
}