{
  "generated_at": "2026-02-14 01:29:06",
  "kpis": {
    "requested_units": 106.0,
    "confirmed_units": 68.0,
    "delivered_units": 40.0,
    "returned_units": 0.0,
    "expected_delivered_units": 2.0,
    "confirmed_profit_usd": 583.5877938931297,
    "delivered_profit_usd": 336.0687022900764,
    "expected_profit_usd": 30.916030534351144,
    "spend_usd": 333.56,
    "impressions": 112532.0,
    "reach": 101183.0,
    "net_profit_usd": 2.5087022900763714,
    "potential_net_profit_usd": 250.02779389312974,
    "confirmation_rate": 0.6415094339622641,
    "delivery_rate": 0.5882352941176471,
    "return_rate": 0.0,
    "roas_real": 1.0075209925952644,
    "roas_potential": 1.749573671582713,
    "cpm": 2.9641346461450966,
    "cost_per_reach": 0.003296601207712758
  }
}