{
  "generated_at": "2026-02-21 22:54:09",
  "kpis": {
    "requested_units": 212.0,
    "confirmed_units": 138.0,
    "delivered_units": 93.0,
    "returned_units": 1.0,
    "expected_delivered_units": 47.0,
    "confirmed_profit_usd": 1078.43750625,
    "delivered_profit_usd": 713.59375,
    "expected_profit_usd": 329.84375,
    "spend_usd": 652.96,
    "impressions": 344095.0,
    "reach": 318668.0,
    "net_profit_usd": 60.633749999999964,
    "potential_net_profit_usd": 425.47750625000003,
    "confirmation_rate": 0.6509433962264151,
    "delivery_rate": 0.6739130434782609,
    "return_rate": 0.010752688172043012,
    "roas_real": 1.0928598229600588,
    "roas_potential": 1.6516134315271993,
    "cpm": 1.897615484095962,
    "cost_per_reach": 0.00204902908356032
  }
}