{
  "generated_at": "2026-02-10 14:13",
  "kpis": {
    "requested_units": 69.0,
    "confirmed_units": 37.0,
    "delivered_units": 13.0,
    "returned_units": 0.0,
    "expected_delivered_units": 0.0,
    "confirmed_profit_usd": 304.1984809160305,
    "delivered_profit_usd": 107.25190839694658,
    "expected_profit_usd": 0.0,
    "spend_usd": 219.70999999999998,
    "impressions": 58986.0,
    "reach": 48075.0,
    "net_profit_usd": -112.4580916030534,
    "potential_net_profit_usd": 84.48848091603054,
    "confirmation_rate": 0.5362318840579711,
    "delivery_rate": 0.35135135135135137,
    "return_rate": 0.0,
    "roas_real": 0.4881521478173346,
    "roas_potential": 1.3845454504393544,
    "cpm": 3.7247821516970125,
    "cost_per_reach": 0.004570150806032241
  }
}