{
  "generated_at": "2026-02-20 01:50:15",
  "kpis": {
    "requested_units": 180.0,
    "confirmed_units": 117.0,
    "delivered_units": 74.0,
    "returned_units": 1.0,
    "expected_delivered_units": 41.0,
    "confirmed_profit_usd": 1063.740465648855,
    "delivered_profit_usd": 643.7022900763358,
    "expected_profit_usd": 346.37404580152673,
    "spend_usd": 603.53,
    "impressions": 305501.0,
    "reach": 281340.0,
    "net_profit_usd": 40.1722900763358,
    "potential_net_profit_usd": 460.210465648855,
    "confirmation_rate": 0.65,
    "delivery_rate": 0.6324786324786325,
    "return_rate": 0.013513513513513514,
    "roas_real": 1.0665622091301772,
    "roas_potential": 1.7625312174189436,
    "cpm": 1.9755418149204094,
    "cost_per_reach": 0.0021451979810904955
  }
}