{
  "generated_at": "2026-02-14 18:37:19",
  "kpis": {
    "requested_units": 120.0,
    "confirmed_units": 76.0,
    "delivered_units": 41.0,
    "returned_units": 0.0,
    "expected_delivered_units": 2.0,
    "confirmed_profit_usd": 654.5801603053434,
    "delivered_profit_usd": 345.99236641221376,
    "expected_profit_usd": 30.916030534351144,
    "spend_usd": 362.3499999999999,
    "impressions": 127346.0,
    "reach": 115045.0,
    "net_profit_usd": -16.357633587786154,
    "potential_net_profit_usd": 292.2301603053435,
    "confirmation_rate": 0.6333333333333333,
    "delivery_rate": 0.5394736842105263,
    "return_rate": 0.0,
    "roas_real": 0.9548568136117396,
    "roas_potential": 1.8064858846566678,
    "cpm": 2.845397578251377,
    "cost_per_reach": 0.003149637098526663
  }
}