{
  "generated_at": "2026-02-15 17:58:33",
  "kpis": {
    "requested_units": 142.0,
    "confirmed_units": 89.0,
    "delivered_units": 53.0,
    "returned_units": 0.0,
    "expected_delivered_units": 2.0,
    "confirmed_profit_usd": 786.2595496183205,
    "delivered_profit_usd": 453.6259541984733,
    "expected_profit_usd": 30.916030534351144,
    "spend_usd": 401.46000000000004,
    "impressions": 154430.0,
    "reach": 140263.0,
    "net_profit_usd": 52.16595419847329,
    "potential_net_profit_usd": 384.7995496183205,
    "confirmation_rate": 0.6267605633802817,
    "delivery_rate": 0.5955056179775281,
    "return_rate": 0.0,
    "roas_real": 1.1299406022977962,
    "roas_potential": 1.9585003477764171,
    "cpm": 2.599624425305964,
    "cost_per_reach": 0.002862194591588659
  }
}