{
  "generated_at": "2026-02-16 14:33:34",
  "kpis": {
    "requested_units": 146.0,
    "confirmed_units": 98.0,
    "delivered_units": 55.0,
    "returned_units": 0.0,
    "expected_delivered_units": 10.0,
    "confirmed_profit_usd": 862.213748091603,
    "delivered_profit_usd": 472.32824427480915,
    "expected_profit_usd": 85.87786259541984,
    "spend_usd": 441.75,
    "impressions": 185774.0,
    "reach": 169271.0,
    "net_profit_usd": 30.57824427480915,
    "potential_net_profit_usd": 420.46374809160295,
    "confirmation_rate": 0.6712328767123288,
    "delivery_rate": 0.5612244897959183,
    "return_rate": 0.0,
    "roas_real": 1.069220700112754,
    "roas_potential": 1.9518138043952529,
    "cpm": 2.377889263298416,
    "cost_per_reach": 0.002609720507352116
  }
}