{
  "generated_at": "2026-02-12 00:12:15",
  "kpis": {
    "requested_units": 88.0,
    "confirmed_units": 52.0,
    "delivered_units": 29.0,
    "returned_units": 0.0,
    "expected_delivered_units": 0.0,
    "confirmed_profit_usd": 438.9313053435114,
    "delivered_profit_usd": 236.8320610687023,
    "expected_profit_usd": 0.0,
    "spend_usd": 281.88,
    "impressions": 85561.0,
    "reach": 75430.0,
    "net_profit_usd": -45.04793893129769,
    "potential_net_profit_usd": 157.0513053435114,
    "confirmation_rate": 0.5909090909090909,
    "delivery_rate": 0.5576923076923077,
    "return_rate": 0.0,
    "roas_real": 0.8401875303984047,
    "roas_potential": 1.5571566104140464,
    "cpm": 3.294491649232711,
    "cost_per_reach": 0.0037369746785098764
  }
}