{
  "generated_at": "2026-02-11 17:35:09",
  "kpis": {
    "requested_units": 88.0,
    "confirmed_units": 52.0,
    "delivered_units": 26.0,
    "returned_units": 0.0,
    "expected_delivered_units": 0.0,
    "confirmed_profit_usd": 438.9313053435114,
    "delivered_profit_usd": 205.91603053435114,
    "expected_profit_usd": 0.0,
    "spend_usd": 254.89,
    "impressions": 75902.0,
    "reach": 66058.0,
    "net_profit_usd": -48.97396946564885,
    "potential_net_profit_usd": 184.0413053435114,
    "confirmation_rate": 0.5909090909090909,
    "delivery_rate": 0.5,
    "return_rate": 0.0,
    "roas_real": 0.8078623348673983,
    "roas_potential": 1.722042078322066,
    "cpm": 3.3581460304076307,
    "cost_per_reach": 0.0038585788246692297
  }
}