{
  "generated_at": "2026-02-21 21:38:18",
  "kpis": {
    "requested_units": 212.0,
    "confirmed_units": 138.0,
    "delivered_units": 93.0,
    "returned_units": 1.0,
    "expected_delivered_units": 47.0,
    "confirmed_profit_usd": 1317.1755801526717,
    "delivered_profit_usd": 871.564885496183,
    "expected_profit_usd": 402.86259541984737,
    "spend_usd": 652.96,
    "impressions": 344095.0,
    "reach": 318668.0,
    "net_profit_usd": 218.604885496183,
    "potential_net_profit_usd": 664.2155801526717,
    "confirmation_rate": 0.6509433962264151,
    "delivery_rate": 0.6739130434782609,
    "return_rate": 0.010752688172043012,
    "roas_real": 1.334790623462667,
    "roas_potential": 2.017237778964518,
    "cpm": 1.897615484095962,
    "cost_per_reach": 0.00204902908356032
  }
}