{
  "generated_at": "2026-02-11 13:17:49",
  "kpis": {
    "requested_units": 80.0,
    "confirmed_units": 46.0,
    "delivered_units": 24.0,
    "returned_units": 0.0,
    "expected_delivered_units": 0.0,
    "confirmed_profit_usd": 318.03995630461924,
    "delivered_profit_usd": 155.58676654182273,
    "expected_profit_usd": 0.0,
    "spend_usd": 263.40999999999997,
    "impressions": 77819.0,
    "reach": 68656.0,
    "net_profit_usd": -107.82323345817724,
    "potential_net_profit_usd": 54.62995630461927,
    "confirmation_rate": 0.575,
    "delivery_rate": 0.5217391304347826,
    "return_rate": 0.0,
    "roas_real": 0.5906638568840316,
    "roas_potential": 1.2073951494044237,
    "cpm": 3.384905999820095,
    "cost_per_reach": 0.003836663947797716
  }
}