{
  "generated_at": "2026-02-18 23:48:38",
  "kpis": {
    "requested_units": 172.0,
    "confirmed_units": 112.0,
    "delivered_units": 72.0,
    "returned_units": 0.0,
    "expected_delivered_units": 27.0,
    "confirmed_profit_usd": 1012.213748091603,
    "delivered_profit_usd": 631.8702290076335,
    "expected_profit_usd": 221.18320610687024,
    "spend_usd": 549.29,
    "impressions": 277450.0,
    "reach": 255262.0,
    "net_profit_usd": 82.58022900763353,
    "potential_net_profit_usd": 462.923748091603,
    "confirmation_rate": 0.6511627906976745,
    "delivery_rate": 0.6428571428571429,
    "return_rate": 0.0,
    "roas_real": 1.1503399461261512,
    "roas_potential": 1.8427674781838428,
    "cpm": 1.9797801405658675,
    "cost_per_reach": 0.0021518674930071846
  }
}