{
  "generated_at": "2026-02-13 19:58:48",
  "kpis": {
    "requested_units": 105.0,
    "confirmed_units": 66.0,
    "delivered_units": 40.0,
    "returned_units": 0.0,
    "expected_delivered_units": 2.0,
    "confirmed_profit_usd": 563.740465648855,
    "delivered_profit_usd": 336.0687022900763,
    "expected_profit_usd": 30.916030534351144,
    "spend_usd": 326.51,
    "impressions": 108565.0,
    "reach": 97487.0,
    "net_profit_usd": 9.558702290076326,
    "potential_net_profit_usd": 237.230465648855,
    "confirmation_rate": 0.6285714285714286,
    "delivery_rate": 0.6060606060606061,
    "return_rate": 0.0,
    "roas_real": 1.029275373771328,
    "roas_potential": 1.72656416541256,
    "cpm": 3.0075070234421775,
    "cost_per_reach": 0.003349267081764748
  }
}